"ingredient_id","ingredient_name","ingredient_type"
1,"abasolo mexican corn whisky","Whisky"
2,"absinthe","Spirits"
3,"absinthe (dashes)","Garnish"
4,"absinthe rouge, amerique 1912","Spirits"
5,"absinthe, atelier vie toulouse red","Spirits"
6,"absinthe, copper & kings absinthe superiore","Spirits"
7,"absinthe, lucid","Spirits"
8,"absinthe, mata hari","Spirits"
9,"absinthe, pernod","Spirits"
10,"acai liqueur","Liqueur"
11,"아세롤라","General"
12,"acerola liqueur","Liqueur"
13,"acid phosphate (아시드 포스페이트)","General"
14,"advocaat","Liqueur"
15,"아가베 시럽","General"
16,"aged rum","Rum"
17,"아구아 프레스카","General"
18,"aguardiente","Spirits"
19,"akashi-tai daiginjo genshu sake","Spirits"
20,"akashi-tai ginjo yuzushu","Liqueur"
21,"akashi-tai shiraume ginjo umeshu","Liqueur"
22,"올스파이스","General"
23,"올스파이스","Garnish"
24,"allspice dram","Liqueur"
25,"allspice dram, bitter truth","Liqueur"
26,"allspice dram, st. elizabeth","Liqueur"
27,"allspice tincture","Liqueur"
28,"allspice tincture, dashfire","Liqueur"
29,"아몬드","Garnish"
30,"아몬드 추출물","General"
31,"아몬드 우유","General"
32,"아몬드 시럽","General"
33,"알로에 베라 주스","General"
34,"aloe vera liqueur, chareau","Liqueur"
35,"amaretto","Liqueur"
36,"amaretto, disaronno","Liqueur"
37,"amaretto, lazzaroni","Liqueur"
38,"amaro, vallet","Liqueur"
39,"amaro","Liqueur"
40,"amaro abano","Liqueur"
41,"amaro ciociaro liqueur","Liqueur"
42,"amaro cora","Liqueur"
43,"amaro dell'erborista","Liqueur"
44,"amaro lucano","Liqueur"
45,"amaro lucano anniversario","Liqueur"
46,"amaro meletti","Liqueur"
47,"amaro montenegro","Liqueur"
48,"amaro nardini","Liqueur"
49,"amaro nonino","Liqueur"
50,"amaro nonino quintessentia","Liqueur"
51,"amaro santoni","Liqueur"
52,"amaro sibilla","General"
53,"amaro, amarogutta","Liqueur"
54,"amaro, cappelletti sfumato rabarbaro","Liqueur"
55,"amaro, jefferson","Liqueur"
56,"amaro, lazzaroni","Liqueur"
57,"amaro, vecchio amaro del capo","Liqueur"
58,"amaro, zcasoni 1814","Liqueur"
59,"amarula cream liqueur","Liqueur"
60,"amer picon","Liqueur"
61,"amer picon, amer boudreau","Liqueur"
62,"american gin","Gin"
63,"american single malt whiskey","Whisky"
64,"americano bianco","Wine"
65,"amontillado sherry","Wine"
66,"amontillado sherry, gonz?lez byass vi?a ab","Wine"
67,"amontillado sherry, lustau dry amontillado","Wine"
68,"amontillado sherry, wisdom and warter","Wine"
69,"am?re sauvage","Liqueur"
70,"am?re sauvage, bittermens","Liqueur"
71,"ancho reyes verde chile liqueur","Liqueur"
72,"anejo tequila","Tequila"
73,"angostura aromatic bitters","General"
74,"angostura bitters","General"
75,"angostura bitters","Garnish"
76,"angostura cocoa bitters","General"
77,"angostura di amaro","Liqueur"
78,"아니스 시럽, monin","General"
79,"anisette","Liqueur"
80,"anisette, meletti","Liqueur"
81,"antica formula","Wine"
82,"aperitif","Wine"
83,"aperol","Liqueur"
84,"사과","Garnish"
85,"사과","General"
86,"사과 비터스","General"
87,"apple brandy","Brandy"
88,"apple brandy, aged","Brandy"
89,"apple brandy, clear creek","Brandy"
90,"apple brandy, laird's bonded","Brandy"
91,"apple brandy, lairds","Brandy"
92,"apple brandy, lairds 100 proof","Brandy"
93,"apple brandy, lairds 7.5","Brandy"
94,"사과 버터","General"
95,"사과 사이다","General"
96,"사과 식초","General"
97,"apple liqueur","Liqueur"
98,"apple liqueur, du nord","Liqueur"
99,"사과 퓨레","General"
100,"apple schnapps","Liqueur"
101,"사과 시럽","General"
102,"apple vodka","Vodka"
103,"applejack","Brandy"
104,"applejack, lairds","Brandy"
105,"살구","Garnish"
106,"살구","General"
107,"apricot brandy","Brandy"
108,"apricot eau de vie","Brandy"
109,"살구 잼","General"
110,"apricot liqueur","Liqueur"
111,"apricot liqueur, bitter truth","Liqueur"
112,"apricot liqueur, luxardo","Liqueur"
113,"apricot liqueur, marie brizard apry","Liqueur"
114,"apricot liqueur, rothman & winter orchard apricot","Liqueur"
115," 살구 nectar","General"
116,"아쿠아파바","General"
117,"aquavit ","Spirits"
118,"aquavit, aalborg","Spirits"
119,"aquavit, krogstad","Spirits"
120,"aquavit, linie","Spirits"
121,"aquavit, north shore","Spirits"
122,"aquavit, tattersall","Spirits"
123,"armagnac","Brandy"
124,"armagnac blanc","Brandy"
125,"아로마틱 비터스","Garnish"
126,"aromatized wine, cocchi americano","Wine"
127,"aromatized wine, cocchi americano rosa","Wine"
128,"aromatized wine, cocchi barolo chinato","Wine"
129,"aromatized wine, cocchi vermouth di torino","Wine"
130,"aromatized wine, dubonnet","Wine"
131,"aromatized wine, dubonnet rouge","Wine"
132,"aromatized wine, imbue petal & thorn","Wine"
133,"aromatized wine, lillet blanc","Wine"
134,"aromatized wine, lillet rose","Wine"
135,"aromatized wine, lillet rouge","Wine"
136,"arrack","Spirits"
137,"arrack, white lion vsoa","Spirits"
138,"averna","Liqueur"
139,"averna amaro","Liqueur"
140,"aveze","Liqueur"
141,"아보카도","Garnish"
142,"아보카도","General"
143,"a?ejo rum","Rum"
144,"a?ejo rum, barbancourt 8 year","Rum"
145,"a?ejo rum, kirk & sweeney 12 year","Rum"
146,"a?ejo rum, zacapa 23","Rum"
147,"a?ejo tequila","Tequila"
148,"a?ejo tequila, don julio a?ejo","Tequila"
149,"a?ejo tequila, jose cuervo black","Tequila"
150,"a?ejo tequila, pueblo viejo","Tequila"
151,"a?ejo tequila, pura vida","Tequila"
152,"bacardi 8 year old rum","Rum"
153,"bacardi gold rum","Rum"
154,"bacardi gran reserva diez 10","Rum"
155,"베이컨","General"
156,"베이컨 시럽, torani","General"
157,"대나무 잎","Garnish"
158,"바나나","Garnish"
159,"바나나","General"
160,"바나나 주스","General"
161,"banana liqueur","Liqueur"
162,"banana rum","Rum"
163,"바나나 시럽","General"
164,"barbados rum, kaniche","Rum"
165,"barbados rum, mount gay","Rum"
166,"barbados rum, mount gay black barrel","Rum"
167,"barbados rum, mount gay eclipse black","Rum"
168,"barolo chinato","Wine"
169,"barrel aged red beer","Beer"
170,"바질","Garnish"
171,"바질","General"
172,"basil eau de vie, st. george aqua perfecta","Brandy"
173,"바질 가지 부케","Garnish"
174,"baska snaps","Spirits"
175,"batavia arrack","Rum"
176,"batavia arrack, van oosten","General"
177,"bebo coffee liqueur","Liqueur"
178,"becherovka","Liqueur"
179,"beef stock","General"
180,"beer","Beer"
181,"비트","Garnish"
182,"비트 주스","General"
183,"비트 퓨레","General"
184,"비트 시럽","General"
185,"단고추","General"
186,"benedictine","Liqueur"
187,"bepi tosolini grappa di moscato","Brandy"
188,"bepi tosolini grappa i legni rovere","Brandy"
189,"bergamot liqueur, italicus","Liqueur"
190,"베르가모트 오렌지","General"
191,"bermuda rum, gosling's black seal","Rum"
192,"berry gin","Gin"
193,"berry liqueur","Liqueur"
194,"berry vodka","Vodka"
195,"bianco vermouth","Wine"
196,"bianco vermouth, cinzano bianco","Wine"
197,"bianco vermouth, dolin","Wine"
198,"bianco vermouth, martini & rossi","Wine"
199,"bigallet china china","Liqueur"
200,"bigallet china china amer","Liqueur"
201,"bigallet genepi grand tetras","Liqueur"
202,"bilberry liqueur","Liqueur"
203,"bison grass vodka","Vodka"
204,"비터 레몬","General"
205,"비터 레몬 소다","General"
206,"비터 트루 EXR","General"
207,"Bittercube Chipotle Cacao 비터스","General"
208,"bittermens hellfire habanero 시럽","General"
209,"비터스","General"
210,"비터스, 'Elemakule Tiki","General"
211,"비터스, 5 by 5 aged citrus","General"
212,"비터스, 5 by 5 aromatic","General"
213,"비터스, 5 by 5 tonics","General"
214,"비터스, abbott's","General"
215,"비터스, Amargos chunchos","General"
216,"비터스, bar keep chinese bitters","General"
217,"비터스, 베르가모트","General"
218,"비터스,  bitter truth","General"
219,"비터스,  bitter truth aromatic","General"
220,"비터스, bitter truth creole","General"
221,"비터스, bitter truth jerry thomas’ own decanter","General"
222,"비터스, bittercube cherry bark vanilla","General"
223,"비터스, Bittercube Corazon(비터큐브 코라존)","Garnish"
224,"비터스, Bittercube 홉 비터스","General"
225,"비터스, Bittercube Jamaican #1","General"
226,"비터스, Bittermens 보스턴 비트","General"
227,"비터스, Bittermens burlesque","General"
228,"비터스, Bittermens 오렌지 크림 구연산염","General"
229,"비터스, Bittermens Xocolatl MOLE","General"
230,"비터스, Boker 's","General"
231,"비터스, brooklyn hemispherical bitters black mission fig","General"
232,"비터스, brooklyn hemispherical bitters rhubarb","General"
233,"비터스, chinese 5 spice","General"
234,"비터스, clove","General"
235,"비터스, 커피 및 초콜릿 비터","General"
236,"비터스, dale degroff's pimento bitters","General"
237,"비터스, dashfire allspice","General"
238,"비터스, dashfire ancient chinese secret","General"
239,"비터스, dead rabbit orinoco","General"
240,"비터스, dr. adam elmegirab's boker's","General"
241,"비터스, dutch's colonial","General"
242,"비터스, el guapo polynesian kiss","General"
243,"비터스, fee brothers old fashion","General"
244,"비터스, fee brothers whiskey barrel aged","General"
245,"비터스, filthy dirty cocktail spice","General"
246,"비터스, five watt - gin bitters","General"
247,"비터스, 카다몬과 오렌지가 주입 된 비터스","General"
248,"비터스, Riemerschmid 비터스","General"
249,"비터스, Scrappy's black lemon","General"
250,"비터스, Scrappy 's Cardamon","General"
251,"비터스, thyme","General"
252,"비터스, vera's maine pine bitters","General"
253,"Bitters, Woodford Reserve Sassafras & Sorghum","General"
254,"bittersweet orange-red aperitivo","Liqueur"
255,"black currant vodka","Vodka"
256,"블랙 올리브","Garnish"
257,"후추","Garnish"
258,"후추","General"
259,"후추 팅크","General"
260,"블랙 트러플 오일","General"
261,"블랙 월넛 비터스","General"
262,"블랙베리","Garnish"
263,"블랙베리","General"
264,"blackberry brandy","Brandy"
265,"blackberry liqueur","Liqueur"
266,"블랙베리 프리저브","General"
267,"블랙베리 시럽","General"
268,"블랙커런트 프리저브","General"
269,"블랙커런트 시럽","General"
270,"블랙스트랩 비터스","General"
271,"blanco tequila","Tequila"
272,"blanco tequila (100% agave)","Tequila"
273,"blanco tequila (gran centenario)","Tequila"
274,"blanco tequila (strawberry-infused)","Tequila"
275,"blanco tequila, casamigos","Tequila"
276,"blanco tequila, don julio blanco","Tequila"
277,"blanco tequila, el tesoro platinum","Tequila"
278,"blanco tequila, milagro","Tequila"
279,"blanco tequila, milagro silver","Tequila"
280,"blended rum, banks 5 island","Rum"
281,"blended scotch","Whisky"
282,"blended scotch, bank note","Whisky"
283,"blended scotch, black grouse","Whisky"
284,"blended scotch, chivas 18","Whisky"
285,"blended scotch, cutty sark","Whisky"
286,"blended scotch, dewar's","Whisky"
287,"blended scotch, famous grouse","Whisky"
288,"blended scotch, johnnie walker black label","Whisky"
289,"blended scotch, johnnie walker red label","Whisky"
290,"blended scotch, sheep's dip","Whisky"
291,"blended/vatted scotch malt whisky","Whisky"
292,"블러드 오렌지","Garnish"
293,"블러드 오렌지 비터스","General"
294,"블러드 오렌지 주스","General"
295,"blood orange liqueur","Liqueur"
296,"블러드 오렌지 껍질","General"
297,"블러드 오렌지 시럽","General"
298,"블러디 메리 믹스","General"
299,"블루 치즈로 채운 녹색 올리브","Garnish"
300,"blue cura?ao","Liqueur"
301,"blue cura?ao, bols","Liqueur"
302,"blue cura?ao, senior cura?ao","Liqueur"
303,"블루베리","General"
304,"블루베리","Garnish"
305,"blueberry liqueur","Liqueur"
306,"blueberry schnapps","Liqueur"
307,"블루 베리 시럽","General"
308,"blueberry vodka","Vodka"
309,"bob's abbotts 비터스","General"
310,"bob's 생강 비터스","General"
311,"bob's 페퍼민트 비터","General"
312,"볼리바르 비터스","General"
313,"bols amaretto foam","Liqueur"
314,"bols banana foam","Liqueur"
315,"bols blue foam","Liqueur"
316,"bols cacao white foam","Liqueur"
317,"bols cassis foam","Liqueur"
318,"bols peppermint green foam","Liqueur"
319,"bonal gentiane quina","Wine"
320,"안개꽃 꽃다발","Garnish"
321,"bourbon","Whisky"
322,"bourbon (coffee infused)","Whisky"
323,"bourbon, 100 proof","Whisky"
324,"bourbon, basil hayden's","Whisky"
325,"bourbon, buffalo trace","Whisky"
326,"bourbon, bulleit","Whisky"
327,"bourbon, bulleit (10 year)","Whisky"
328,"bourbon, bulleit (vanilla and orange infused)","Whisky"
329,"bourbon, elijah craig","Whisky"
330,"bourbon, elijah craig (12 year bourbon)","Whisky"
331,"bourbon, elijah craig (small batch)","Whisky"
332,"bourbon, four roses","Whisky"
333,"bourbon, four roses small batch","Whisky"
334,"bourbon, heaven hill","Whisky"
335,"bourbon, high proof","Whisky"
336,"bourbon, jim beam black","Whisky"
337,"bourbon, knob creek","Whisky"
338,"bourbon, knob creek (single barrel 120)","Whisky"
339,"bourbon, knob creek (smoked maple bourbon)","Whisky"
340,"bourbon, maker's mark","Whisky"
341,"bourbon, maker's mark (chai infused)","Whisky"
342,"bourbon, maker's mark 46","Whisky"
343,"bourbon, new holland beer barrel bourbon","Whisky"
344,"bourbon, old forester","Whisky"
345,"bourbon, old grand dad 100","Whisky"
346,"bourbon, wild turkey 101","Whisky"
347,"bourbon, woodford reserve","Whisky"
348,"bourbon, woodford reserve double oaked","Whisky"
349,"boy drinks world serrano 칵테일 스파이스","General"
350,"branca menta liqueur","Liqueur"
351,"brandy","Brandy"
352,"brandy (lustau brandy de jerez solera reserva)","Brandy"
353,"brandy (unaged frisco california brandy)","Brandy"
354,"brandy (vsop)","Brandy"
355,"brandy / 코냭","Brandy"
356,"brandy, camus vs","Brandy"
357,"brandy, cardenal mendoza","Brandy"
358,"brandy, copper & kings","Brandy"
359,"brandy, glasshouse (shiso-flavored)","Brandy"
360,"brandy, korbel (12 year)","Brandy"
361,"braulio","Liqueur"
362,"흑설탕","General"
363,"흑설탕 코디얼","General"
364,"흑설탕 시럽","General"
365,"brut champagne","Wine"
366,"brut champagne or sparkling wine","Wine"
367,"bruto americano, st. george","Liqueur"
368,"buckthorn liqueur","Liqueur"
369,"bully boy amaro","Liqueur"
370,"burlesque 비터스","General"
371,"버터","General"
372,"butterscotch liqueur","Liqueur"
373,"butterscotch schnapps","Liqueur"
374,"byrrh","Wine"
375,"배렌 예거","General"
376,"베네딕틴","General"
377,"b?n?dictine, d.o.m.","Liqueur"
378,"카카오","Garnish"
379,"cacao & coffee spiced rum","Rum"
380,"카카오 가루","Garnish"
381,"cacha?a","Rum"
382,"cacha?a (over 3 years)","Rum"
383,"cacha?a, branca","Rum"
384,"cacha?a, jequitiba wood","Rum"
385,"cacha?a, leblon","Rum"
386,"cacha?a, sagatiba velha","Rum"
387,"cacha?a, salinas balsamo","Rum"
388,"cacha?a, serra limpa","Rum"
389,"caisteal chamuis peated scotch whisky","Whisky"
390,"calvados","Brandy"
391,"calvados & straight applejacks","Brandy"
392,"calvados, boulard","Spirits"
393,"calvados, chateau du breuil","Brandy"
394,"calvados, pays d'auge","Spirits"
395,"카모마일 차 시럽","General"
396,"campari","Liqueur"
397,"campari (infused coffee)","Liqueur"
398,"campari (strawberry-infused)","Liqueur"
399,"canadian blended whisky","Whisky"
400,"canadian rye whisky","Whisky"
401,"canadian whisky","Whisky"
402,"canadian whisky, crown royal","Whisky"
403,"canadian whisky, pendleton 1910","Whisky"
404,"마롱 글라세","Garnish"
405,"사탕","Garnish"
406,"캔디 바 보드카","Vodka"
407,"캔디 케인","Garnish"
408,"솜사탕 시럽","General"
409,"사탕수수 시럽","General"
410,"cappelletti aperitivo","Liqueur"
411,"카라멜","General"
412,"카라멜","Garnish"
413,"카라멜","Garnish"
414,"카라멜 팝콘","Garnish"
415,"카라멜 시럽","General"
416,"caramel vodka","Vodka"
417,"카라멜즈드 램프 비터스, bitters old men","General"
418,"캐러 웨이 씨앗","General"
419,"cardamaro","Wine"
420,"카르다몬","General"
421,"카르다몬 비터스","General"
422,"카르다몬 열매","General"
423,"caribbean blended rum aged 6-10 years","Rum"
424,"케럽 시럽","General"
425,"carpano antica sweet vermouth","Wine"
426,"당근","Garnish"
427,"당근 주스","General"
428,"캐슈","General"
429,"캐슈","Garnish"
430,"카시스","General"
431,"cassis, combier","Liqueur"
432,"피마자 오일","Garnish"
433,"cava","Wine"
434,"cava sparkling wine","Wine"
435,"카이옌 고추","Garnish"
436,"카이옌 고추 / 소금 림","Garnish"
437,"샐러리","Garnish"
438,"샐러리 비터스","General"
439,"샐러리 소금","General"
440,"샐러리 시럽","General"
441,"chambord","Liqueur"
442,"chambord raspberry liqueur","Liqueur"
443,"chambord vodka","Vodka"
444,"chamomile liqueur","Liqueur"
445,"champagne","Wine"
446,"champagne, blanc de blancs","Wine"
447,"champagne, prosecco & cava","Wine"
448,"chardonnay","Wine"
449,"cheerwine simple 시럽","General"
450,"체리","General"
451,"체리","Garnish"
452,"체리 비터스","General"
453,"cherry brandy","Brandy"
454,"체리 사이다","General"
455,"cherry heering cherry brandy liqueur","Liqueur"
456,"cherry heering liqueur","Liqueur"
457,"체리 주스","General"
458,"cherry liqueur","Liqueur"
459,"cherry liqueur, cazottes wild sour cherry","Liqueur"
460,"cherry liqueur, cherry heering","Liqueur"
461,"cherry liqueur, combier rouge","Liqueur"
462,"cherry liqueur, rothman and winter","Liqueur"
463,"cherry liqueur, sangue morlacco","Liqueur"
464,"cherry rum","Rum"
465,"cherry schnapps","Liqueur"
466,"체리 시럽","General"
467,"방울 토마토","General"
468,"cherry vodka","Vodka"
469,"치킨 스톡","General"
470,"고추 플레이크","General"
471,"고추","General"
472,"고추","Garnish"
473,"고춧가루","General"
474,"고춧가루","Garnish"
475,"chili steeped tequila","Tequila"
476,"고추 시럽","General"
477,"고추 팅크","General"
478,"chinato","Wine"
479,"chinato, cocchi barolo chinato","Wine"
480,"chinese five spice 시럽","General"
481,"치노토","General"
482,"초콜릿","Garnish"
483,"초콜릿","General"
484,"초콜릿 비터스","General"
485,"chocolate cherry liqueur","Liqueur"
486,"chocolate chili liqueur","Liqueur"
487,"chocolate liqueur","Liqueur"
488,"chocolate liqueur (distillerie de bierc?e)","Liqueur"
489,"chocolate liqueur (trader vic's)","Liqueur"
490,"chocolate liqueur, godiva liqueur","Liqueur"
491,"chocolate mint liqueur","Liqueur"
492,"chocolate orange liqueur","Liqueur"
493,"초콜릿 가루","Garnish"
494,"chocolate raspberry vodka","Vodka"
495,"초콜릿 부스러기","Garnish"
496,"chocolate spirit, mozart","Liqueur"
497,"초콜릿 시럽","Garnish"
498,"사이다 (fermier brut)","General"
499,"cider brandy","Brandy"
500,"고수","General"
501,"고수","Garnish"
502,"시나몬","Garnish"
503,"시나몬","General"
504,"cinnamon liqueur","Liqueur"
505,"cinnamon schnapps","Liqueur"
506,"cinnamon schnapps liqueur (witch on fire)","Liqueur"
507,"cinnamon schnapps liqueur, goldschlager","Liqueur"
508,"시나몬 부스러기","Garnish"
509,"시나몬 스틱","General"
510,"시나몬 설탕","Garnish"
511,"시나몬 시럽","General"
512,"ciociaro","Liqueur"
513,"구연산 용액(10%)","General"
514,"감귤 껍질/슬라이스","Garnish"
515,"citrus rum","Rum"
516,"citrus vodka","Vodka"
517,"citrus vodka, st. george","Vodka"
518,"clamato tomato 칵테일","General"
519,"claret red wine","Wine"
520,"lementi china antico elixir","Liqueur"
521,"클레멘타인 주스","General"
522,"클로브","Garnish"
523,"클로브","General"
524,"정향 시럽","General"
525,"클로버","Garnish"
526,"클럽 소다","General"
527,"cl?ment 사탕수수 시럽","General"
528,"cocchi sweet vermouth di torino","Wine"
529,"cocktail & sons oleo saccharum 시럽","General"
530,"칵테일 양파","Garnish"
531,"칵테일 스틱","Garnish"
532,"코코림","Garnish"
533,"코코아 가루","Garnish"
534,"코코아 가루","General"
535,"코코넛","Garnish"
536,"코코넛","General"
537,"코코넛 크림","General"
538,"코코넛 거품","Garnish"
539,"coconut liqueur","Liqueur"
540,"coconut liqueur","Liqueur"
541,"coconut liqueur (cl?ment mahina coco)","Liqueur"
542,"coconut liqueur (cl?ment mahina)","Liqueur"
543,"코코넛 우유","General"
544,"coconut rum","Rum"
545,"coconut rum (kaola rum)","Rum"
546,"coconut rum liqueur","Liqueur"
547,"coconut rum, malibu","Rum"
548,"coconut schnapps","Liqueur"
549,"코코넛 소르베","General"
550,"코코넛 시럽","General"
551,"coconut vodka, skyy","Vodka"
552,"코코넛 워터","General"
553,"커피","General"
554,"커피","Garnish"
555,"커피 콩","Garnish"
556,"커피 콩","General"
557,"커피 비터스","General"
558,"coffee brandy","Brandy"
559,"커피 찌꺼기","Garnish"
560,"coffee liqueur","Liqueur"
561,"coffee liqueur","Liqueur"
562,"coffee liqueur (don ciccio & figli)","Liqueur"
563,"coffee liqueur, arak? (rum based coffee liqueur)","Rum"
564,"coffee liqueur, bittermens new orleans coffee","Liqueur"
565,"coffee liqueur, caff? borghetti espresso liqueur","Liqueur"
566,"coffee liqueur, kahlua","Liqueur"
567,"coffee liqueur, mr. black","Liqueur"
568,"coffee liqueur, patron xo cafe dark","Liqueur"
569,"coffee liqueur, st. george (nola)","Liqueur"
570,"coffee schnapps liqueur","Liqueur"
571,"커피 시럽","General"
572,"coffee vodka","Vodka"
573,"cognac","Brandy"
574,"cognac vsop","Brandy"
575,"cognac, courvoisier","Brandy"
576,"cognac, courvoisier vs","Brandy"
577,"cognac, hennessy","Brandy"
578,"cognac, louis royer vsop force 53","Brandy"
579,"cognac, pierre ferrand","Brandy"
580,"cognac, pierre ferrand 1840","Brandy"
581,"cointreau","Liqueur"
582,"콜라","General"
583,"cola vodka","Vodka"
584,"콜드 블랙브렉퍼스트 티","General"
585,"combier elixir","Liqueur"
586,"contratto aperitif","Liqueur"
587,"contratto fernet","Liqueur"
588,"쿠키","Garnish"
589,"고수","General"
590,"고수 비터스","General"
591,"corn liqueur, nixta","Liqueur"
592,"corn whiskey","Whisky"
593,"corn whiskey (twin valley single barrel)","Whisky"
594,"corn whiskey, mellow corn","Whisky"
595,"corn whiskey, mellow corn (100 proof)","Whisky"
596,"크랜베리","General"
597,"크랜베리 & 모렐로 체리 퓨레","General"
598,"크랜베리 비터스","General"
599,"크랜베리 비터스","Garnish"
600,"크랜베리 잼","General"
601,"크랜베리 주스","General"
602,"cranberry liqueur","Liqueur"
603,"cranberry liqueur, clear creek","Liqueur"
604,"cranberry schnapps","Liqueur"
605,"크랜베리 시럽","General"
606,"cranberry vodka","Vodka"
607,"cranberry vodka (infused with cranberry preserves)","Vodka"
608,"cranberry vodka (potato vodka infused with fresh cranberries)","Vodka"
609,"크림","General"
610,"cream sherry","Wine"
611,"creme de cacao","Liqueur"
612,"creme de cassis","Liqueur"
613,"creme de menthe","Liqueur"
614,"creme de mure","Liqueur"
615,"creme de violette","Liqueur"
616,"크레올 비터스","Garnish"
617,"크레올 슈럽","General"
618,"크리스핀 사이다","General"
619,"왕관 모양으로 부순 얼음","Garnish"
620,"크렘 브륄레 시럽","General"
621,"cr?me de banane","Liqueur"
622,"cr?me de banane, giffard","Liqueur"
623,"cr?me de banane, tempus fugit","Liqueur"
624,"cr?me de cacao","Liqueur"
625,"cr?me de cacao (brown)","Liqueur"
626,"cr?me de cacao (tempus fugit)","Liqueur"
627,"cr?me de cacao (tuthilltown cacao liqueur)","Liqueur"
628,"cr?me de cacao, marie brizard","Liqueur"
629,"cr?me de cacao, tempus fugit","Liqueur"
630,"cr?me de fraise","Liqueur"
631,"cr?me de menthe","Liqueur"
632,"cr?me de mure","Liqueur"
633,"cr?me de noyau liqueur","Liqueur"
634,"cr?me de noyaux","Liqueur"
635,"cr?me de noyaux, tempus fugit","Liqueur"
636,"cr?me de violette","Liqueur"
637,"cr?me de violette liqueur","Liqueur"
638,"cr?me de violette, rothman & winter","Liqueur"
639,"크렘 드 바이올렛, rothman & winter","General"
640,"r?me yvette","Liqueur"
641,"cr?ole shrubb liqueur","Liqueur"
642,"cuban rum, havana club 3","Rum"
643,"오이","General"
644,"오이","Garnish"
645,"오이 주스","General"
646,"오이 시럽","General"
647,"오이 토닉워터","General"
648,"cucumber vodka","Vodka"
649,"cura?ao","Liqueur"
650,"cura?ao, pierre ferrand dry","Liqueur"
651,"cura?ao, senior cura?ao","Liqueur"
652,"건포도 열매","Garnish"
653,"카레 잎","Garnish"
654,"cynar","Liqueur"
655,"cynar 70","Liqueur"
656,"daddy rack tennessee whiskey","Whisky"
657,"daiquiri mix","Rum"
658,"damiana liqueur, agavero","Liqueur"
659,"dark cr?me de cacao","Liqueur"
660,"dark jamaican rum","Rum"
661,"dark puerto rican rum","Rum"
662,"dark rum","Rum"
663,"dark rum (jamaican)","Rum"
664,"dark rum, appleton v/x","Rum"
665,"dark rum, appleton v/x (or demerara rum)","Rum"
666,"dark rum, barbancourt 8","Rum"
667,"dark rum, gosling's black seal","Rum"
668,"dark/black/blackstrap rum","Rum"
669,"de kuyper apricot brandy liqueur","Liqueur"
670,"de kuyper blue cura?ao","Liqueur"
671,"de kuyper brown cr?me de cacao","Liqueur"
672,"de kuyper pineapple liqueur","Liqueur"
673,"de kuyper triple sec (40%)","Liqueur"
674,"de kuyper triple sec (40%) (infused with earl grey tea)","Liqueur"
675,"del capo","Liqueur"
676,"del maguey crema de mezcal","Mezcal"
677,"del maguey vida cl?sico mezcal","Mezcal"
678,"demerara rum","Rum"
679,"demerara rum, el dorado 12","Rum"
680,"demerara rum, el dorado 8","Rum"
681,"demerara rum, hamilton demerara 151","Rum"
682,"demerara rum, lemon hart","Rum"
683,"demerara rum, lemon hart 151","Rum"
684,"데메라라 시럽","General"
685,"Difford의 Daiquiri 비터스","General"
686,"Difford's falernum liqueur","Liqueur"
687,"Difford's margarita 비터스","General"
688,"딜","General"
689,"딜","Garnish"
690,"disaronno originale amaretto","Liqueur"
691,"dolin chamberyzette","Wine"
692,"dominican rum, brugal (anejo)","Rum"
693,"don's mix","General"
694,"donn's spices #2","General"
695,"door county hop bitters, bittercube","General"
696,"용과","Garnish"
697,"drambuie","Liqueur"
698,"drambuie (fat 1/2 oz)","Liqueur"
699,"drambuie (또는 glayva)","Liqueur"
700,"drambuie cream liqueur","Liqueur"
701,"dry apricot brandy","Brandy"
702,"dry apricot brandy, blume marillen","Brandy"
703,"드라이 사이다","General"
704,"dry peach brandy","Brandy"
705,"dry red wine","Wine"
706,"dry ros? of sangiovese, alexander valley vineyards","Wine"
707,"dry sherry (manzanilla or fino)","Wine"
708,"dry vermouth","Wine"
709,"dry vermouth","Wine"
710,"dry vermouth, carpano","Wine"
711,"dry vermouth, dolin","Wine"
712,"dry vermouth, jean-baptiste la quintinye","Wine"
713,"dry vermouth, martini & rossi","Wine"
714,"dry vermouth, noilly prat","Wine"
715,"dry vermouth, ransom","Wine"
716,"dry vermouth, sutton cellars brown label","Wine"
717,"dry vermouth, vya","Wine"
718,"dry white port","Wine"
719,"dubonnet","Wine"
720,"dubonnet rouge","Wine"
721,"dubonnet/french rouge aromatised wine","Wine"
722,"dunkel / dark / black lager","Beer"
723,"dutch cacao white cr?me de cacao","Liqueur"
724,"얼그레이 티","General"
725,"얼그레이 티 시럽","General"
726,"eau de vie of douglas fir","Brandy"
727,"eau de vie of douglas fir, clear creek","Brandy"
728,"식용꽃","General"
729,"식용꽃","Garnish"
730,"식용 금 조각","Garnish"
731,"계란","General"
732,"에그노그","General"
733,"엘더베리 젤리 (1 tsp 물 포함)","General"
734,"elderflower cordial","Spirits"
735,"elderflower liqueur","Liqueur"
736,"elderflower liqueur (fiorente)","Liqueur"
737,"elderflower liqueur, chase","Liqueur"
738,"엘더flower liqueur, st. elder","Liqueur"
739,"elderflower liqueur, st. germain","Liqueur"
740,"elderflower liqueur, st. germain (딸기 주입)","Liqueur"
741,"엘더플라워 시럽","General"
742,"elisir m. p. roux (or green chartreuse)","Liqueur"
743,"esprit de june liqueur","Liqueur"
744,"유칼립투스 오일","Garnish"
745,"falernum","Liqueur"
746,"팔레넘 시럽","General"
747,"falernum, bitter truth","Liqueur"
748,"falernum, velvet falernum","Liqueur"
749,"falernum, velvet falernum (john d. taylor's)","Liqueur"
750,"fee brothers old fashioned bitters","General"
751,"회향","Garnish"
752,"회향","General"
753,"회향 비터스","General"
754,"fernet","Spirits"
755,"fernet (gagliardo)","Spirits"
756,"fernet branca","Spirits"
757,"fernet vallet","Liqueur"
758,"fernet, letherbee","Spirits"
759,"fernet, Norseman","General"
760,"ferro china baliva","Liqueur"
761,"무화과","Garnish"
762,"fig liqueur","Liqueur"
763,"무화과 프리저브 (또는 무화가 버터)","General"
764,"fino sherry","Wine"
765,"fino sherry, lustau","Wine"
766,"fino sherry, lustau fino","Wine"
767,"fino sherry, tio pepe","Wine"
768,"fiorente elderflower liqueur","Liqueur"
769,"플러드셀","Garnish"
770,"floc de gascogne (또는 white pineau des charentes)","Wine"
771,"floc de gascogne (또는 White Pineau des Charentes)","General"
772,"꽃","Garnish"
773,"framboise raspberry eau de vie","Brandy"
774,"framboise, mathilde","Liqueur"
775,"프루트 펀치","General"
776,"과일 막대기","Garnish"
777,"galliano","Liqueur"
778,"galliano l autentico","Liqueur"
779,"치자속","Garnish"
780,"마늘","General"
781,"마늘 소금","General"
782,"genepy","Liqueur"
783,"genepy, dolin genepy des alpes","Liqueur"
784,"genever","Liqueur"
785,"genever, bols","Liqueur"
786,"genever, bols (barrel aged)","Liqueur"
787,"genever, peket d? houyeu","Liqueur"
788,"gentian liqueur","Liqueur"
789,"gentian liqueur (suze, aveze, 또는 salers)","Liqueur"
790,"giffard banane du br?sil liqueur","Liqueur"
791,"giffard caramel toffee liqueur","Liqueur"
792,"giffard cr?me de m?re liqueur","Liqueur"
793,"giffard cr?me de p?che de vigne liqueur","Liqueur"
794,"giffard fraise des bois liqueur","Liqueur"
795,"giffard 그레나딘 시럽","General"
796,"giffard menthe pastille white cr?me de menthe","Liqueur"
797,"giffard pamplemousse liqueur","Liqueur"
798,"giffard parfait amour liqueur","Liqueur"
799,"giffard peppermint pastille cr?me de menthe","Liqueur"
800,"giffard piment d'espelette chile liqueur","Liqueur"
801,"giffard rhubarbe liqueur","Liqueur"
802,"giffard vanille de madagascar","Liqueur"
803,"gin","Gin"
804,"gin (11 wells - ecgberht gin)","Gin"
805,"gin (barrel aged)","Gin"
806,"gin (bombay)","Gin"
807,"gin (dry or london dry)","Gin"
808,"gin (extra credit if navy proof (57%))","Gin"
809,"gin (ki no bi kyoto dry gin)","Gin"
810,"gin (lighthouse, hawthorn edition)","Gin"
811,"gin (london dry)","Gin"
812,"gin (london or holland dry)","Gin"
813,"gin (matcha 주입)","Gin"
814,"gin (a juniper-forward london dry)","Gin"
815,"gin (래디시 주입)","Gin"
816,"gin (라즈베리 주입)","Gin"
817,"gin (russell henry hawaiian white ginger)","Gin"
818,"gin (threefold aromatic gin)","Gin"
819,"gin (wireworks)","Gin"
820,"gin (with campari & marschino, infused with pineapple)","Gin"
821,"gin, art in the age sage","Gin"
822,"gin, aviation","Gin"
823,"gin, barr hill tom cat","Gin"
824,"gin, beefeater","Gin"
825,"gin, beefeater (얼그레이 주입)","Gin"
826,"gin, beefeater 24","Gin"
827,"gin, blackwoods","Gin"
828,"gin, bluecoat","Gin"
829,"gin, bombay sapphire","Gin"
830,"gin, bombay sapphire (히비스커스 주입)","Gin"
831,"gin, broker's","Gin"
832,"gin, caorunn","Gin"
833,"gin, catoctin creek","Gin"
834,"gin, citadelle","Gin"
835,"gin, citadelle (프레즈노 칠리 주입)","Gin"
836,"gin, death's door","Gin"
837,"gin, finger lakes distilling (seneca drums gin)","Gin"
838,"gin, fords","Gin"
839,"gin, g'vine","Gin"
840,"gin, g'vine floraison","Gin"
841,"gin, gabriel boudier saffron","Gin"
842,"gin, gordon's","Gin"
843,"gin, hendrick's","Gin"
844,"gin, leopold brothers","Gin"
845,"gin, leopold brothers (summer gin)","Gin"
846,"gin, magellan blue","Gin"
847,"gin, malfy (malfy con limone)","Gin"
848,"gin, monkey 47","Gin"
849,"gin, no. 3","Gin"
850,"gin, nolet's","Gin"
851,"gin, perry's tot navy strength","Gin"
852,"gin, plymouth","Gin"
853,"gin, plymouth navy strength","Gin"
854,"gin, rutte","Gin"
855,"gin, sipsmith (vjop)","Gin"
856,"gin, small's","Gin"
857,"gin, st. george botanivore","Gin"
858,"gin, st. george dry rye","Gin"
859,"gin, st. george terroir","Gin"
860,"gin, tanqueray","Gin"
861,"gin, tanqueray 10","Gin"
862,"gin, tanqueray 10 (*masala chai infused)","Gin"
863,"gin, tanqueray rangpur","Gin"
864,"gin, the botanist","Gin"
865,"gin, uncle val's botanical","Gin"
866,"gin, voyager","Gin"
867,"생강","Garnish"
868,"생강","General"
869,"진저 에일","General"
870,"진저 비어","General"
871,"생강 주스","General"
872,"ginger liqueur","Liqueur"
873,"ginger liqueur, brovo","Liqueur"
874,"ginger liqueur, canton","Liqueur"
875,"ginger liqueur, domaine de canton","Liqueur"
876,"ginger liqueur, king's","Liqueur"
877,"ginger liqueur, king's ginger","Liqueur"
878,"ginger liqueur, stirrings","Liqueur"
879,"ginger liqueur, thatcher's apple spice ginger","Liqueur"
880,"생강 시럽","General"
881,"ginger wine","Wine"
882,"ginger wine, crabbie's","Wine"
883,"ginger wine, stone's","Wine"
884,"생강 맛 쿠키","Garnish"
885,"gingerbread syrup","Gin"
886,"인삼","Garnish"
887,"gold jamaican rum","Rum"
888,"gold puerto rican rum","Rum"
889,"gold rum","Rum"
890,"gold rum (goslings)","Rum"
891,"gold rum (바닐라 주입)","Rum"
892,"gold rum (virgin islands)","Rum"
893,"gold rum, appleton special","Rum"
894,"golden rum","Rum"
895,"곰메 시럽","General"
896,"구스베리","Garnish"
897,"올리브가 첨가된 고르곤졸라 치즈","Garnish"
898,"gosling's black seal rum","Rum"
899,"그란 클라시코","General"
900,"grand hops amaro, greenbar","Liqueur"
901,"grand marnier","Liqueur"
902,"포도","Garnish"
903,"grape schnapps","Liqueur"
904,"grape vodka","Vodka"
905,"자몽","Garnish"
906,"자몽","General"
907,"자몽 비터스","General"
908,"자몽 코디얼","General"
909,"grapefruit gin","Gin"
910,"자몽 주스","General"
911,"grapefruit liqueur","Liqueur"
912,"grapefruit liqueur (edmond briottet)","Liqueur"
913,"grapefruit liqueur, combier pamplemousse rose","Liqueur"
914,"자몽 껍질","Garnish"
915,"자몽 껍질","General"
916,"자몽 소다","General"
917,"자몽 시럽","General"
918,"grapefruit vodka","Vodka"
919,"grapefruit vodka (deep eddy)","Vodka"
920,"grappa","Brandy"
921,"grappa, banfi","Brandy"
922,"잔디","Garnish"
923,"간 육두구와 파인애플 조각","Garnish"
924,"간 육두구와 3개의 커피콩","Garnish"
925,"그린 카르다몬 열매","General"
926,"green chartreuse","Liqueur"
927,"green cr?me de menthe","Liqueur"
928,"녹색 식용 색상 젤","General"
929,"녹색 포도","Garnish"
930,"green melon liqueur","Liqueur"
931,"파","General"
932,"녹차","General"
933,"green tea liqueur","Liqueur"
934,"그레나딘","General"
935,"구운 미니 옥수수","Garnish"
936,"구스베리 (붉은 색) 시럽","General"
937,"구아나바나 주스","General"
938,"guatemalan rum, zacapa 23","Rum"
939,"구아바 주스","General"
940,"guinness","Beer"
941,"껌 시럽","General"
942,"gunpowder rum, smoke 'n oakum's","Rum"
943,"haitian rum, barbancourt 8","Rum"
944,"하프 앤 하프","General"
945,"하드 사이다, 마티넬리","General"
946,"havana club especial","Rum"
947,"hayman's old tom gin","Gin"
948,"hayman's sloe gin","Gin"
949,"hazelnut irish cream","Liqueur"
950,"hazelnut liqueur","Liqueur"
951,"hazelnut liqueur, frangelico","Liqueur"
952,"헬파이어 하바네로 슈럽","General"
953,"헴프 보드카","Vodka"
954,"hendrick's gin","Gin"
955,"herbal liqueur (besamim liqueur)","Liqueur"
956,"herbal liqueur (?lixir d'armorique warenghem)","Liqueur"
957,"herbal liqueur, chartreuse","Liqueur"
958,"herbal liqueur, green chartreuse","Liqueur"
959,"herbal liqueur, jeppson's malort","Liqueur"
960,"herbal liqueur, pernod","Liqueur"
961,"herbal liqueur, yellow chartreuse","Liqueur"
962,"hibiscus cordial","Spirits"
963,"히비스커스 시럽","General"
964,"highland scotch","Whisky"
965,"highland scotch (edradour 10 year)","Whisky"
966,"홀리 장식","Garnish"
967,"꿀","General"
968,"꿀","Garnish"
969,"honey bourbon","Whisky"
970,"honey liqueur","Liqueur"
971,"꿀 시럽","General"
972,"honey vodka","Vodka"
973,"honey whiskey","Whisky"
974,"벌집","Garnish"
975,"hophead vodka, anchor distilling","Vodka"
976,"horse with no name bourbon with habanero","Whisky"
977,"겨자무","General"
978,"핫소스","General"
979,"hpnotiq","Liqueur"
980,"hpnotiq harmonie","Liqueur"
981,"허클베리 잼","General"
982,"hum","Liqueur"
983,"얼음","Garnish"
984,"얼음","General"
985,"얼음 콘","Garnish"
986,"아이스크림","General"
987,"아이스크림","Garnish"
988,"iced cake vodka","Vodka"
989,"illyquore","Liqueur"
990,"india pale ale","Beer"
991,"irish cream","Liqueur"
992,"irish mist","Liqueur"
993,"irish whiskey","Whisky"
994,"irish whiskey (tullamore dew)","Whisky"
995,"irish whiskey, bushmill's","Whisky"
996,"irish whiskey, clontarf (rose-infused)","Whisky"
997,"irish whiskey, jameson","Whisky"
998,"irish whiskey, jameson (banana infused)","Whisky"
999,"irish whiskey, mitchell & son green spot","Whisky"
1000,"islands scotch, talisker","Whisky"
1001,"islay scotch","Whisky"
1002,"islay scotch, ardbeg","Whisky"
1003,"islay scotch, ardbeg 10","Whisky"
1004,"islay scotch, bowmore (legend)","Whisky"
1005,"islay scotch, lagavulin 16","Whisky"
1006,"islay scotch, laphroaig","Whisky"
1007,"islay scotch, laphroaig 10","Whisky"
1008,"islay single-malt scotch whisky","Whisky"
1009,"italian red bitter liqueur","Liqueur"
1010,"italicus liqueur","Liqueur"
1011,"jade perique la veritable liqueur de tabac","Liqueur"
1012,"jagermeister","Whisky"
1013,"할라피뇨","Garnish"
1014,"할라피뇨 고추","Garnish"
1015,"할라피뇨 보드카","Vodka"
1016,"jamaican #2 bitters","General"
1017,"jamaican aged blended rum","Rum"
1018,"jamaican rum","Rum"
1019,"jamaican rum (aged or dark)","Rum"
1020,"jamaican rum (aged, preferably smith & cross)","Rum"
1021,"jamaican rum (blackwell)","Rum"
1022,"jamaican rum (dark)","Rum"
1023,"rum (dark, 7-15 year old)","Rum"
1024,"jamaican rum (funky like smith & cross)","Rum"
1025,"jamaican rum, appleton","Rum"
1026,"jamaican rum, appleton (signature estate rum)","Rum"
1027,"jamaican rum, appleton 12","Rum"
1028,"jamaican rum, appleton estate v/x","Rum"
1029,"jamaican rum, appleton v/x","Rum"
1030,"jamaican rum, coruba","Rum"
1031,"jamaican rum, myers's dark","Rum"
1032,"jamaican rum, smith & cross","Rum"
1033,"jamaican rum, wray & nephew","Rum"
1034,"jamaican rum, wray & nephew overproof","Rum"
1035,"japanese blended whisky","Whisky"
1036,"japanese single malt whisky","Whisky"
1037,"재퍼니즈 위스키, nikka coffey grain","Whisky"
1038,"japanese whisky, suntory toki blended","Whisky"
1039,"자스민 녹차","General"
1040,"jasmine liqueur, koval","Liqueur"
1041,"자스민 시럽","General"
1042,"젤리 또는 잼","General"
1043,"joseph cartron double cr?me de cassis de bourgogne","Liqueur"
1044,"쥬니퍼 베리","Garnish"
1045,"j?germeister","Liqueur"
1046,"kahlua coffee liqueur","Liqueur"
1047,"ketel one citroen vodka","Vodka"
1048,"ketel one oranje vodka","Vodka"
1049,"ketel one vodka","Vodka"
1050,"kina aromatised wine","Wine"
1051,"kinnickinnic whiskey, great lakes distillery","Whisky"
1052,"kirschwasser","Brandy"
1053,"kirschwasser eau de vie (cherry)","Brandy"
1054,"kirschwasser, clear creek","General"
1055,"kirschwasser, schladerer","Brandy"
1056,"키위","General"
1057,"키위","Garnish"
1058,"키위 과일 퓨레","General"
1059,"kiwi liqueur","Liqueur"
1060,"kiwi schnapps","Liqueur"
1061,"kiwi vodka","Vodka"
1062,"kleos mastiha liqueur","Liqueur"
1063,"콤부차","General"
1064,"kraken black spiced rum","Rum"
1065,"쿰바바 주스","General"
1066,"kummel","Liqueur"
1067,"kummel, combier","Liqueur"
1068,"금귤","General"
1069,"금귤","Garnish"
1070,"kumquat liqueur","Liqueur"
1071,"la f?e absinthe blanche","Spirits"
1072,"la f?e parisienne absinthe","Spirits"
1073,"la vieille prune plum brandy","Brandy"
1074,"락타르트","General"
1075,"랍상소우총 티","General"
1076,"라벤더","Garnish"
1077,"라벤더 비터스","General"
1078,"라벤더 시럽","General"
1079,"라벤더 차","General"
1080,"레몬","Garnish"
1081,"레몬","General"
1082,"레몬밤","General"
1083,"레몬 비터스","General"
1084,"lemon hart 151","Rum"
1085,"레몬 주스","Garnish"
1086,"레몬 주스","General"
1087,"레몬 껍질","General"
1088,"레몬 껍질","Garnish"
1089,"레몬 시럽","General"
1090,"레몬 트리 비터스, 비터큐브","General"
1091,"lemon vodka (charbay meyer lemon)","Vodka"
1092,"레몬 제스트 오일","General"
1093,"레몬 라임 소다","General"
1094,"레몬/오렌지 트위스트","Garnish"
1095,"레몬 에이드","General"
1096,"레몬그라스","Garnish"
1097,"레몬그라스","General"
1098,"licor 43","Liqueur"
1099,"light puerto rican rum","Rum"
1100,"light rum","Rum"
1101,"light rum (overproof)","Rum"
1102,"light rum (privateer)","Rum"
1103,"light rum (puerto rican)","Rum"
1104,"light rum, bacardi","Rum"
1105,"light rum, cruzan aged light","Rum"
1106,"light rum, flor de ca?a dry 4","Rum"
1107,"light rum, old new orleans","Rum"
1108,"light rum, plantation 3 star","Rum"
1109,"light rum, probitas","Rum"
1110,"light white rum","Rum"
1111,"lillet blanc","Wine"
1112,"lillet ros?","Wine"
1113,"lillet rouge","Wine"
1114,"라임","General"
1115,"라임","Garnish"
1116,"라임 비터스","General"
1117,"lime cordial","Spirits"
1118,"라임 코디얼, rose's","General"
1119,"라임 주스","General"
1120,"라임 주스","Garnish"
1121,"라임 마멀레이드","General"
1122,"라임 껍질","Garnish"
1123,"라임 껍질","General"
1124,"lime vodka","Vodka"
1125,"라임/파인애플 조각","Garnish"
1126,"라임 에이드","General"
1127,"limoncello","Liqueur"
1128,"limoncello, pallini","Vodka"
1129,"liqueur","Liqueur"
1130,"liqueur (aperitivo luxardo)","Liqueur"
1131,"액체 연기","General"
1132,"liquore strega","Liqueur"
1133,"런던 드라이 진","Gin"
1134,"룩사르도 비터스","General"
1135,"luxardo bitter bianco liqueur","Liqueur"
1136,"luxardo maraschino liqueur","Liqueur"
1137,"luxardo sour cherry gin","Gin"
1138,"리치","Garnish"
1139,"리치 과일 퓨레","Garnish"
1140,"리치 주스","General"
1141,"lychee liqueur","Liqueur"
1142,"lychee liqueur, gabriel boudier (litchi)","Liqueur"
1143,"lychee liqueur, soho","Liqueur"
1144,"메이스 팅크 (Arnica flower-wormwood와 함께)","General"
1145,"madeira","Wine"
1146,"madeira, blandy's malmsey 5 year","Wine"
1147,"madeira, broadbent rainwater medium dry","Wine"
1148,"Maguey Sweet Sap(맥기 스윗 삽), Villa de Patos (또는 Agave Nectar)","General"
1149,"만다린","Garnish"
1150,"만다린 오렌지 주스","General"
1151,"mandarin orange liqueur, mandarine napoleon","Liqueur"
1152,"mandarine napoleon","Liqueur"
1153,"망고","Garnish"
1154,"망고 주스","General"
1155,"mango liqueur","Liqueur"
1156,"망고 넥타","General"
1157,"망고 시럽","General"
1158,"manzanilla sherry","Wine"
1159,"manzanilla sherry, la gitana","Wine"
1160,"maple canadian whisky, sap56","Whisky"
1161,"메이플 시럽","General"
1162,"마라스치노 비터스","General"
1163,"maraschino liqueur","Liqueur"
1164,"maraschino liqueur, luxardo","Liqueur"
1165,"maraschino liqueur, maraska","Liqueur"
1166,"마멀레이드","General"
1167,"마시멜로","Garnish"
1168,"marshmallow vodka","Vodka"
1169,"martini riserva speciale ambrato","Wine"
1170,"martini riserva speciale rubino","Wine"
1171,"martinique agricole rhum vieux (extra aged)","Rum"
1172,"martinique rum","Rum"
1173,"martinique rum, cl?ment (blanc premi?re canne)","Rum"
1174,"martinique rum, la favorite","Rum"
1175,"martinique rum, rhum jm blanc","Rum"
1176,"martinique v.s.o.p rum","Rum"
1177,"mastika","Liqueur"
1178,"마우린 퀴나","General"
1179,"mekhong","Rum"
1180,"멜론","Garnish"
1181,"멜론","General"
1182,"melon liqueur","Liqueur"
1183,"melon liqueur, midori","Liqueur"
1184,"melon schnapps","Liqueur"
1185,"melon vodka","Vodka"
1186,"mentzendorff k?mmel liqueur","Liqueur"
1187,"metaxa","Spirits"
1188,"mexican lager","Beer"
1189,"메이어 레몬","General"
1190,"메이어 레몬 주스","General"
1191,"mezcal","Mezcal"
1192,"mezcal (cenizio colonial)","Mezcal"
1193,"mezcal (float)","Mezcal"
1194,"mezcal (joven)","Mezcal"
1195,"mezcal (joven, coffee infused)","Mezcal"
1196,"mezcal (monte alban)","Mezcal"
1197,"mezcal (non-smoky)","Mezcal"
1198,"mezcal (sieta misterios)","Mezcal"
1199,"mezcal (smoky)","Mezcal"
1200,"mezcal (verde)","Mezcal"
1201,"mezcal, alipus san balthazar","Mezcal"
1202,"mezcal, banhez","Mezcal"
1203,"mezcal, del maguey","Mezcal"
1204,"mezcal, del maguey vida","Mezcal"
1205,"mezcal, fidencio cl?sico","Mezcal"
1206,"mezcal, ilegal","Mezcal"
1207,"mezcal, ilegal joven","Mezcal"
1208,"mezcal, ilegal reposado","Mezcal"
1209,"mezcal, scorpion silver","Mezcal"
1210,"mezcal, sombra","Mezcal"
1211,"midori melon liqueur","Liqueur"
1212,"우유","General"
1213,"민트","Garnish"
1214,"민트","General"
1215,"민트 비터스","General"
1216,"민트 초콜릿","Garnish"
1217,"mint rum","Rum"
1218,"민트 잔가지, 라임 휠","Garnish"
1219,"민트 잔가지","Garnish"
1220,"민트 시럽","General"
1221,"mirabelle eau-de-vie, miclo","Spirits"
1222,"아일레이 싱글몰트 스프레이 미스트","Garnish"
1223,"monkey 47 experimentum series 2y06 gin","Gin"
1224,"monkey 47 gin","Gin"
1225,"muscat wine, chambers","Wine"
1226,"머스타드","General"
1227,"muyu chinotto nero liqueur","Liqueur"
1228,"muyu jasmine verte liqueur","Liqueur"
1229,"navy rum","Rum"
1230,"navy strength gin","Gin"
1231,"navy strength gin, hayman's royal dock","Gin"
1232,"navy strength rum","Rum"
1233,"navy strength rum, pusser's","Rum"
1234,"navy strength rum, smith & cross","Rum"
1235,"승도 복숭아","General"
1236,"nicaraguan rum, flor de ca?a","Rum"
1237,"nicaraguan rum, flor de ca?a 7","Rum"
1238,"nicaraguan rum, flor de ca?a extra dry","Rum"
1239,"nicaraguan rum, flor de ca?a gold 4","Rum"
1240,"Nin Jiom Pei Pa Koa(닌 지옴 페이 파 코아)","General"
1241,"nixta liqueur","Liqueur"
1242,"nocello walnut liqueur","Liqueur"
1243,"nocino","Liqueur"
1244,"nocino (nux alpina walnut liqueur)","Liqueur"
1245,"noilly prat","Wine"
1246,"육두구","General"
1247,"육두구","Garnish"
1248,"육두구 시럽","General"
1249,"o purist tsipouro","Spirits"
1250,"okolehao liqueur","Liqueur"
1251,"old tom gin","Gin"
1252,"old tom gin (gin lane 1751)","Gin"
1253,"old tom gin, hayman's","Gin"
1254,"old tom gin, ransom","Gin"
1255,"old tom gin, tanqueray old tom","Gin"
1256,"올리브","General"
1257,"올리브","Garnish"
1258,"올리브 소금절임","General"
1259,"올리브 주스","General"
1260,"oloroso sherry","Wine"
1261,"oloroso sherry, lustau","Wine"
1262,"양파 가루","General"
1263,"오렌지","General"
1264,"오렌지","Garnish"
1265,"오렌지 비터스","General"
1266,"오렌지 비터스","Garnish"
1267,"orange chocolate liqueur, distillerie de bierc?e orangine","Liqueur"
1268,"오렌지 크림 시트르산(오렌지 크림 구연산염)","General"
1269,"orange cura?ao","Liqueur"
1270,"orange cura?ao (pierre ferrand)","Liqueur"
1271,"orange cura?ao, bols","Liqueur"
1272,"orange cura?ao, marie brizard","Liqueur"
1273,"오렌지 꽃 시럽","General"
1274,"오렌지 꽃수","General"
1275,"오렌지 꽃수","Garnish"
1276,"오렌지 주스","General"
1277,"오렌지 주스","Garnish"
1278,"orange liqueur","Liqueur"
1279,"orange liqueur (pf dry cura?ao)","Liqueur"
1280,"orange liqueur, cl?ment cr?ole shrubb","Liqueur"
1281,"orange liqueur, cointreau","Liqueur"
1282,"orange liqueur, combier l'original liqueur d'orange","Liqueur"
1283,"orange liqueur, grand marnier","Liqueur"
1284,"orange liqueur, pierre ferrand dry cura?ao","Liqueur"
1285,"orange liqueur, prunier (or grand marnier)","Liqueur"
1286,"orange liqueur, royal combier","Liqueur"
1287,"orange liqueur, solerno blood orange liqueur","Liqueur"
1288,"오렌지 마말레이드","General"
1289,"오렌지 마말레이드","General"
1290,"오렌지 껍질","General"
1291,"오렌지 껍질","Garnish"
1292,"오렌지 소다, san pellegrino aranciata amara","General"
1293,"orange vodka","Vodka"
1294,"오렌지 휠 / 체리","Garnish"
1295,"orangecello","Liqueur"
1296,"난초","Garnish"
1297,"난초 꽃","General"
1298,"난초 시럽","General"
1299,"오레가노","General"
1300,"오르게트 시럽","General"
1301,"오르게트 시럽","General"
1302,"오리노코 비터스 ","General"
1303,"oude genever, bols","Spirits"
1304,"ouzo","Liqueur"
1305,"overproof aged rum","Rum"
1306,"overproof bourbon","Whisky"
1307,"overproof bourbon, old grand dad 114","Whisky"
1308,"overproof pot still rum","Rum"
1309,"overproof rum","Rum"
1310,"overproof rum (plantation oftd)","Rum"
1311,"overproof rum / 151","Rum"
1312,"overproof rum, lemon hart 151","Rum"
1313,"overproof rum, plantation","Rum"
1314,"overproof rum, wray & nephew overproof","Rum"
1315,"pacharan","Gin"
1316,"꼬챙이에 꽂힌 피클 칵테일 양파 한 쌍","Garnish"
1317,"pale ale (to top)","Beer"
1318,"pallini limoncello liqueur","Liqueur"
1319,"palo cortado sherry","Wine"
1320,"pama pomegranate liqueur","Liqueur"
1321,"파파야","General"
1322,"종이 비행기","Garnish"
1323,"파프리카","General"
1324,"파프리카","Garnish"
1325,"parfait amour","Liqueur"
1326,"parfait amour, marie brizard","Liqueur"
1327,"패션프루트","General"
1328,"패션프루트","Garnish"
1329,"패션프루트 비터스","General"
1330,"패션프루트 주스","General"
1331,"패션프루트 퓨레","General"
1332,"passion fruit rum","Rum"
1333,"패션프루트 시럽","General"
1334,"passionfruit liqueur","Liqueur"
1335,"passionfruit vodka","Vodka"
1336,"passo? liqueur","Liqueur"
1337,"파스티스 (선택사항)","General"
1338,"pastis liqueur","Liqueur"
1339,"pastis, herbsaint","Spirits"
1340,"pastis, pernod","Spirits"
1341,"patr?n a?ejo tequila","Tequila"
1342,"patr?n reposado tequila","Tequila"
1343,"patr?n silver blanco tequila","Tequila"
1344,"patr?n silver blanco tequila (infused with tamarind)","Tequila"
1345,"복숭아","General"
1346,"복숭아","Garnish"
1347,"복숭아 비터스","General"
1348,"peach brandy","Brandy"
1349,"peach gin","Gin"
1350,"복숭아 주스","General"
1351,"peach liqueur","Liqueur"
1352,"peach liqueur, combier","Liqueur"
1353,"peach liqueur, edmond briottet","Liqueur"
1354,"peach liqueur, giffard","Liqueur"
1355,"peach liqueur, mathilde","Liqueur"
1356,"peach liqueur, mathilde p?che","Liqueur"
1357,"peach liqueur, rothman & winter","Liqueur"
1358,"복숭아 퓨레","General"
1359,"peach schnapps","Liqueur"
1360,"peach vodka","Vodka"
1361,"peachtree peach schnapps","Liqueur"
1362,"땅콩 버터","General"
1363,"peanut liqueur","Liqueur"
1364,"배","Garnish"
1365,"배","General"
1366,"pear brandy","Brandy"
1367,"pear eau de vie","Brandy"
1368,"pear eau de vie, clear creek","Brandy"
1369,"pear eau de vie, st. george","Brandy"
1370,"배 주스","General"
1371,"pear liqueur","Liqueur"
1372,"pear liqueur (developed with st. george spiced)","Liqueur"
1373,"pear liqueur (st. george's spiced pear)","Liqueur"
1374,"pear liqueur, marie brizard","Liqueur"
1375,"pear liqueur, mathilde","Liqueur"
1376,"pear liqueur, rothman & winter","Liqueur"
1377,"배 퓨레","General"
1378,"pear vodka","Vodka"
1379,"pedro xim?nez sherry","Wine"
1380,"pedro xim?nez sherry, gonzalez byass nectar","Wine"
1381,"pelinkovac, maraska","Liqueur"
1382,"후추 소스","General"
1383,"후추 팅크","General"
1384,"pepper vodka","Vodka"
1385,"후추","General"
1386,"peppermint liqueur","Liqueur"
1387,"peppermint schnapps","Liqueur"
1388,"pernod","Spirits"
1389,"peychaud's 비터스","Garnish"
1390,"peychaud's 비터스","General"
1391,"금땅꽈리","Garnish"
1392,"금땅꽈리/구스베리","Garnish"
1393,"피클","Garnish"
1394,"pimento 비터스, dale de groff","General"
1395,"pimento dram","Liqueur"
1396,"pimm's no. 1 cup","Liqueur"
1397,"pimms","Liqueur"
1398,"pina colada","Rum"
1399,"피나콜라다 믹스","General"
1400,"pine liqueur","Liqueur"
1401,"잣","General"
1402,"파인애플","General"
1403,"파인애플","Garnish"
1404,"파인애플 잎","Garnish"
1405,"파인애플 잼","General"
1406,"파인애플 주스","General"
1407,"pineapple rum","Rum"
1408,"pineapple rum, plantation stiggins' fancy","Rum"
1409,"파인애플 시럽","General"
1410,"파인애플 verdita(베르디타)","General"
1411,"pineau des charentes blanc","Wine"
1412,"pink grapefruit liqueur","Liqueur"
1413,"핑크 구아바 퓨레","General"
1414,"pink lemonade vodka","Vodka"
1415,"pinot grigio white wine","Wine"
1416,"피노 누아 주스, navarro","General"
1417,"pinot noir red wine","Wine"
1418,"pisang ambon","Liqueur"
1419,"pisang ambon green banana liqueur","Liqueur"
1420,"pisco","Brandy"
1421,"pisco (jalape?o chilli infused)","Brandy"
1422,"pisco, barsol","Brandy"
1423,"pisco, campo de encanto","Brandy"
1424,"pisco, capel","Brandy"
1425,"pisco, cesar italia","Brandy"
1426,"pisco, don c?sar italia","Brandy"
1427,"pisco, kappa","Brandy"
1428,"pisco, macchu pisco","Brandy"
1429,"pisco, porton","Brandy"
1430,"pisco, tabernero quebranta","Brandy"
1431,"pistachio liqueur","Liqueur"
1432,"자두","General"
1433,"자두 비터스","General"
1434,"poirpoire william","Brandy"
1435,"poire william eau de vie","Spirits"
1436,"poire william liqueur","Liqueur"
1437,"poit?n, glendalough mountain strength","Spirits"
1438,"석류","Garnish"
1439,"석류 주스","General"
1440,"pomegranate liqueur","Liqueur"
1441,"pomegranate liqueur, pama","Liqueur"
1442,"석류 소스, Alwadi (설탕 첨가 없음)","General"
1443,"pomegranate schnapps","Liqueur"
1444,"석류 씨앗","Garnish"
1445,"pomegranate vodka","Vodka"
1446,"pommeau du normandie","Liqueur"
1447,"폰즈","General"
1448,"poppy liqueur","Liqueur"
1449,"poppy liqueur, greenbar grand poppy","Liqueur"
1450,"port","Wine"
1451,"우표","Garnish"
1452,"prosecco","Wine"
1453,"pucker berry fusion schnapps","Liqueur"
1454,"pucker island punch schnapps","Liqueur"
1455,"puerto rican rum","Rum"
1456,"puerto rican rum (gold)","Rum"
1457,"puerto rican rum, bacardi","Rum"
1458,"pumpkin liqueur","Liqueur"
1459,"pumpkin seasonal spirit","Spirits"
1460,"punt e mes","Wine"
1461,"pussanga","Liqueur"
1462,"pusser's rum","Rum"
1463,"메추라기 달걀 (전체와 생)","General"
1464,"모과 시럽","General"
1465,"rabarbaro liqueur","Liqueur"
1466,"무","Garnish"
1467,"raicilla","Spirits"
1468,"건포도","Garnish"
1469,"ramazzotti","Liqueur"
1470,"ramazzotti amaro","Liqueur"
1471,"라즈베리","Garnish"
1472,"라즈베리","General"
1473,"라즈베리 시럽","General"
1474,"라즈베리 잼","General"
1475," 라즈베리 주스","General"
1476,"raspberry limoncello, cellovia","Liqueur"
1477,"raspberry liqueur","Liqueur"
1478,"raspberry rum","Rum"
1479,"raspberry schnapps","Liqueur"
1480,"라즈베리 시럽","General"
1481,"raspberry vodka","Vodka"
1482,"ratafia de marseille","Wine"
1483,"붉은 아마란스 잎","Garnish"
1484,"red birch beer","Beer"
1485,"구스베리 시럽","General"
1486,"레드 프레스노","General"
1487,"red wine","Wine"
1488,"red wine (sweet)","Wine"
1489,"red wine, malbec (amalaya malbec)","Wine"
1490,"red wine, manischewitz (manischewitz syrup)","Wine"
1491,"붉은 건포도","Garnish"
1492,"reposado tequila","Tequila"
1493,"reposado tequila (arette)","Tequila"
1494,"reposado tequila (el mayor)","Tequila"
1495,"reposado tequila, chinaco","Tequila"
1496,"reposado tequila, el jimador reposado","Tequila"
1497,"reposado tequila, espolon reposado","Tequila"
1498,"reposado tequila, roca patr?n","Tequila"
1499,"대황","General"
1500,"대황 비터스","General"
1501,"rhubarb flavoured vodka","Vodka"
1502,"대황 시럽","General"
1503,"rhubarb liqueur","Liqueur"
1504,"rhubarb liqueur, art in the age","Liqueur"
1505,"대황 리본","Garnish"
1506,"대황 시럽","General"
1507,"rhum agricole","Rum"
1508,"rhum agricole (blanc)","Rum"
1509,"rhum agricole (clairin)","Rum"
1510,"rhum agricole (jm blanc)","Rum"
1511,"rhum agricole, barbancourt 8","Rum"
1512,"rhum agricole, cl?ment vsop","Rum"
1513,"rhum agricole, damoiseau blanc","Rum"
1514,"rhum agricole, neisson ?lev? sous bois","Rum"
1515,"rhum agricole, rhum agricole jm vsop","Rum"
1516,"rhum agricole, st. james ambre","Rum"
1517,"rhum cl?ment blanc","Rum"
1518,"ricard pastis","Liqueur"
1519,"roasted buckwheat cordial","Spirits"
1520,"rock and rye","Liqueur"
1521,"락캔디 시럽","General"
1522,"명란 (날치알)","General"
1523,"root beer","Beer"
1524,"root beer vodka","Vodka"
1525,"root liqueur","Liqueur"
1526,"root liqueur, art in the age","Liqueur"
1527,"rosato vermouth, martini & rossi","Wine"
1528,"rosato vermouth, martini & rossi (fiero)","Wine"
1529,"rosato/ros? vermouth","Wine"
1530,"장미","Garnish"
1531,"rose liqueur","Liqueur"
1532,"rose liqueur, combier","Liqueur"
1533,"로즈 넥타","General"
1534,"장미 꽃잎","Garnish"
1535,"rose petal liqueur","Liqueur"
1536,"로즈 시럽","General"
1537,"rose vermouth (brovo pink)","Wine"
1538,"장미 물","Garnish"
1539,"rose's apricot cordial","Spirits"
1540,"rose's 블루 큐라소","General"
1541,"rose's blueberry cordial","Spirits"
1542,"rose's 레몬","General"
1543,"rose's lime cordial","Spirits"
1544,"rose's mojito cordial","Spirits"
1545,"rose's strawberry cordial","Spirits"
1546,"rose's triple sec","Liqueur"
1547,"로즈마리","Garnish"
1548,"로즈마리","General"
1549,"rosso/rouge (sweet) vermouth","Wine"
1550,"ros? champagne","Wine"
1551,"ruby port","Wine"
1552,"ruby port, dow's","Wine"
1553,"rum","Rum"
1554,"rum (barbados)","Rum"
1555,"rum (barbancourt 8)","Rum"
1556,"rum (brown butter washed)","Rum"
1557,"rum (plantation oftd)","Rum"
1558,"rum (whiskey barrel aged)","Rum"
1559,"rum (white overproof jamaican)","Rum"
1560,"rum cream, rumchata","Rum"
1561,"rum, appleton estate v/x","Rum"
1562,"rum, appleton reserve","Rum"
1563,"rum, bacardi","Rum"
1564,"rum, bacardi 8","Rum"
1565,"rum, banks","Rum"
1566,"rum, banks 5 island","Rum"
1567,"rum, banks 7","Rum"
1568,"rum, barbancourt 8","Rum"
1569,"rum, cruzan aged dark","Rum"
1570,"rum, el dorado 12","Rum"
1571,"rum, flor de ca?a","Rum"
1572,"rum, flor de ca?a 12 year","Rum"
1573,"rum, havana club 7","Rum"
1574,"rum, lemon hart 151","Rum"
1575,"rum, mount gay (eclipse)","Rum"
1576,"rum, plantation (barbados 2000)","Rum"
1577,"rum, plantation stiggins' fancy","Rum"
1578,"rum, privateer","Rum"
1579,"rum, pusser's","Rum"
1580,"rum, pusser's (gunpowder)","Rum"
1581,"rum, smith & cross","Rum"
1582,"rum, zaya","Rum"
1583,"rutte dry gin","Gin"
1584,"rutte old simon genever","Liqueur"
1585,"rye","Whisky"
1586,"rye (high proof)","Whisky"
1587,"rye (jefferson 10 yr)","Whisky"
1588,"rye (preferably overproof)","Whisky"
1589,"rye (rittenhouse bonded)","Whisky"
1590,"rye (rittenhouse bonded, knob creek 101)","Whisky"
1591,"rye, bulleit","Whisky"
1592,"rye, dad's hat","Whisky"
1593,"rye, george dickel","Whisky"
1594,"rye, high west double rye","Whisky"
1595,"rye, jim beam","Whisky"
1596,"rye, knob creek","Whisky"
1597,"rye, old overholt","Whisky"
1598,"rye, pow wow botanical rye","Whisky"
1599,"rye, redemption","Whisky"
1600,"rye, rittenhouse","Whisky"
1601,"rye, rittenhouse 100","Whisky"
1602,"rye, templeton rye","Whisky"
1603,"rye, wild turkey","Whisky"
1604,"rye, wild turkey 101","Whisky"
1605,"r?my martin 1738 cognac","Brandy"
1606,"사프란 시럽 (로얄 로즈)","General"
1607,"세이지","General"
1608,"세이지","Garnish"
1609,"세이지 진","Gin"
1610,"사케","Spirits"
1611,"사케","General"
1612,"salers gentiane","Liqueur"
1613,"생리 식염수","General"
1614,"소금","General"
1615,"소금","Garnish"
1616,"소금 카라멜 시럽","General"
1617,"소금 용액","General"
1618,"sambuca","Liqueur"
1619,"Sanbitter(산비터)","General"
1620,"sauvignon blanc wine","Wine"
1621,"savoia americano rosso","Wine"
1622,"파","General"
1623,"scotch","Whisky"
1624,"scotch (compass box's great king street)","Whisky"
1625,"scotch (cutty sark prohibition)","Whisky"
1626,"scotch (laphroaig 10 year)","Whisky"
1627,"scotch, auchentoshan 3 wood","Whisky"
1628,"scotch, balvenie 12 doublewood","Whisky"
1629,"scotch, bank note","Whisky"
1630,"scotch, compass box peat monster","Whisky"
1631,"scotch, famous grouse","Whisky"
1632,"scotch, glenmorangie","Whisky"
1633,"scotch, highland park 12","Whisky"
1634,"scotch, johnnie walker black label","Whisky"
1635,"scotch, lagavulin 16","Whisky"
1636,"scotch, laphroaig","Whisky"
1637,"scotch, monkey shoulder","Whisky"
1638,"scrappy's firewater 팅크처","General"
1639,"sea buckthorn liqueur, distillerie de bierc?e","Liqueur"
1640,"탄산수","General"
1641,"센차 녹차 시럽","General"
1642,"serrano(세라노) (날 것)","General"
1643,"세라노 칵테일 스파이스, by drinks world","General"
1644,"참기름","General"
1645,"참깨","General"
1646,"참깨","Garnish"
1647,"sherry","Wine"
1648,"sherry, lustau","Wine"
1649,"sherry, lustau dry amontillado","Wine"
1650,"sherry, lustau east india solera","Wine"
1651,"sherry, lustau manzanilla","Wine"
1652,"sherry, lustau pedro ximenez","Wine"
1653,"sherry, lustau pedro ximenez (float)","Wine"
1654,"소엽 (Muddled)","General"
1655,"쇼추","General"
1656,"shochu, iichiko","Spirits"
1657,"간단한 시럽","General"
1658,"singani (or pisco)","Brandy"
1659,"singani, singani 63","Brandy"
1660,"single malt scotch (12 year)","Whisky"
1661,"꼬치에 꽂힌 케이퍼베리","Garnish"
1662,"꼬치에 꽂힌 녹색 올리브","Garnish"
1663,"꼬치에 꽂힌 퀸올리브","Garnish"
1664,"꼬치에 꽂힌 솔티드 캐러멜 트러플","Garnish"
1665,"slivovitz","Brandy"
1666,"sloe gin","Gin"
1667,"sloe gin (hayman's)","Gin"
1668,"sloe gin, plymouth","Gin"
1669,"smoke (bourbon-soaked sawdust)","Whisky"
1670,"smooth ambler barrel aged gin","Gin"
1671,"탄산 음료","General"
1672,"탄산수","General"
1673,"소르베","General"
1674,"sorel (hibiscus) liqueur","Liqueur"
1675,"sorel liqueur","Liqueur"
1676,"sotol","Spirits"
1677,"sour apple liqueur","Liqueur"
1678,"사워 믹스","General"
1679,"southern comfort","Whisky"
1680,"간장","General"
1681,"spanish brandy","Brandy"
1682,"spanish brandy (fernando de castilla)","Brandy"
1683,"sparkling ros? wine","Wine"
1684,"탄산수","General"
1685,"sparkling white wine","Wine"
1686,"sparkling wine","Wine"
1687,"speyside scotch (glen moray port cask finished)","Whisky"
1688,"speyside scotch, glenfiddich","Whisky"
1689,"speyside scotch, glenfiddich (12 year)","Whisky"
1690,"speyside scotch, glenfiddich 18","Whisky"
1691,"speyside scotch, macallan 12","Whisky"
1692,"speyside scotch, macallan 12 (double cask)","Whisky"
1693,"speyside scotch, macallan 12 (sherry oak)","Whisky"
1694,"speyside single malt scotch whisky","Whisky"
1695,"spiced rum","Rum"
1696,"spiced rum, kraken","Rum"
1697,"spiced rum, sailor jerry","Rum"
1698,"매운 고추 시럽","General"
1699,"오징어 먹물","General"
1700,"팔각","Garnish"
1701,"스타프루트","Garnish"
1702,"stone pine liqueur","Liqueur"
1703,"stout beer","Beer"
1704,"straight rye whiskey","Whisky"
1705,"딸기","General"
1706,"딸기","Garnish"
1707,"strawberry daiquiri","Rum"
1708,"딸기 잼","General"
1709,"딸기 주스","General"
1710,"strawberry liqueur","Liqueur"
1711,"딸기 프리저브","General"
1712,"딸기 퓨레","General"
1713,"strawberry rum","Rum"
1714,"strawberry schnapps","Liqueur"
1715,"딸기 시럽","General"
1716,"strawberry vodka","Vodka"
1717,"strega","Liqueur"
1718,"스트레가 (또는 노란색 차트 트레오)","General"
1719,"설탕","General"
1720,"설탕","Garnish"
1721,"사탕 수수","Garnish"
1722,"sugar cookie vodka","Vodka"
1723,"설탕 시럽","General"
1724,"여름 트러플 부스러기","Garnish"
1725,"suze","Liqueur"
1726,"스웨덴 비터스","General"
1727,"swedish punsch","Liqueur"
1728,"샤워믹스","General"
1729,"sweet marsala","Wine"
1730,"sweet vermouth","Wine"
1731,"sweet vermouth (infused with coffee)","Wine"
1732,"sweet vermouth, carpano","Wine"
1733,"sweet vermouth, carpano antica formula","Wine"
1734,"sweet vermouth, carpano antica formula (coffee infused)","Wine"
1735,"sweet vermouth, carpano punt e mes","Wine"
1736,"sweet vermouth, casa mariol vermut negre","Wine"
1737,"sweet vermouth, cinzano","Wine"
1738,"sweet vermouth, cinzano bianco","Wine"
1739,"sweet vermouth, cocchi","Wine"
1740,"sweet vermouth, cocchi vermouth di torino","Wine"
1741,"sweet vermouth, dolin","Wine"
1742,"sweet vermouth, dolin (red)","Wine"
1743,"sweet vermouth, noilly prat","Wine"
1744,"sweet vermouth, vya","Wine"
1745,"마라스키노체리의 시럽, luxardo","General"
1746,"장미 시럽","General"
1747,"타바스코 소스","General"
1748,"타진","Garnish"
1749,"타마린드 주스","General"
1750,"타마린드 시럽","General"
1751,"탄제린 (휠)","General"
1752,"탄제린 / 만다린 / 클레멘타인","General"
1753,"탄제린 주스","General"
1754,"탄제린 껍질","General"
1755,"타라곤","Garnish"
1756,"tawny port","Wine"
1757,"tawny port (10 years)","Wine"
1758,"tawny port (porto kopke)","Wine"
1759,"차","General"
1760,"차 시럽","General"
1761,"티팟 비터스","General"
1762,"tempus fugit gran classico bitter","General"
1763,"tennessee whiskey, george dickel","Whisky"
1764,"tequila","Tequila"
1765,"tequila - gold","Tequila"
1766,"tequila - silver","Tequila"
1767,"tequila, calle 23 (anejo)","Tequila"
1768,"tequila, don julio blanco","Tequila"
1769,"tequila, el jimador reposado (aloe washed)","Tequila"
1770,"tequila, espolon reposado","Tequila"
1771,"tequila, jose cuervo tradicional silver","Tequila"
1772,"tequila, milagro silver","Tequila"
1773,"tequila, ocho blanco","Tequila"
1774,"tequila, ocho reposado","Tequila"
1775,"tequila, tromba","Tequila"
1776,"데리야끼 소스","General"
1777,"the busker blended irish whiskey","Whisky"
1778,"the busker single pot still irish whiskey","Whisky"
1779,"엉겅퀴","Garnish"
1780,"타임","Garnish"
1781,"타임","General"
1782,"tia maria","Liqueur"
1783,"팅크처","General"
1784,"구운 옥수수","Garnish"
1785,"토마토","General"
1786,"토마토","Garnish"
1787,"토마토 주스","General"
1788,"토닉 워터","General"
1789,"토닉 시럽","General"
1790,"투시롤 츄","Garnish"
1791,"Trifecta Bitters, Ess (트라이펙타 비터스, Ess)","General"
1792,"triple sec","Liqueur"
1793,"triple sec (monin)","Liqueur"
1794,"triple sec, cointreau","Liqueur"
1795,"triple sec, cointreau noir","Liqueur"
1796,"triple sec, combier l'original liqueur d'orange","Liqueur"
1797,"열대 과일","Garnish"
1798,"tropix liqueur","Liqueur"
1799,"투 아카","General"
1800,"tuaca vanilla citrus liqueur","Liqueur"
1801,"터키 딜라이트 슬라이스","Garnish"
1802,"마라스키노 체리 2 / 파라솔","Garnish"
1803,"우산","Garnish"
1804,"umeshu","Liqueur"
1805,"언더 버그 비터스","General"
1806,"바닐라 빈","Garnish"
1807,"바닐라 비터스","General"
1808,"바닐라 추출물","General"
1809,"바닐라 아이스크림","General"
1810,"vanilla liqueur","Liqueur"
1811,"vanilla liqueur (nassau royale)","Liqueur"
1812,"vanilla liqueur, nanys (or licor 43)","Liqueur"
1813,"vanilla rum","Rum"
1814,"바닐라 시럽","General"
1815,"vanilla vodka","Vodka"
1816,"veev a?a? spirit","Spirits"
1817,"venezuelan rum, diplomatico","Rum"
1818,"버주스","General"
1819,"vermouth amaro","Wine"
1820,"vermouth di torino","Wine"
1821,"vermouth rojo (fernando de castilla vermut de jerez)","Wine"
1822,"vermouth rojo, primitivo quiles","Wine"
1823,"식초","General"
1824,"violet liqueur","Liqueur"
1825,"바이올렛 시럽","General"
1826,"virgin islands rum, cruzan blackstrap","Rum"
1827,"vodka","Vodka"
1828,"vodka (dry apple, cinnamon and allspice flavored)","Vodka"
1829,"vodka (pineapple & ginger infused)","Vodka"
1830,"vodka (rhubarb infused)","Vodka"
1831,"vodka (wheat based)","Vodka"
1832,"vodka, absolut","Vodka"
1833,"vodka, hangar one (spiced pear)","Vodka"
1834,"vodka, reyka","Vodka"
1835,"vodka, sobieski","Vodka"
1836,"vodka, sobieski (cucumber infused)","Vodka"
1837,"vodka, stolichnaya","Vodka"
1838,"호두","Garnish"
1839,"walnut liqueur","Liqueur"
1840,"walnut liqueur (eda rhyme nocino)","Liqueur"
1841,"walnut liqueur, nux alpina","Liqueur"
1842,"walnut liqueur, nux alpina (or nocino)","Liqueur"
1843,"호두 기름","General"
1844,"warninks advocaat liqueur","Liqueur"
1845,"와사비","General"
1846,"물","General"
1847,"수박","General"
1848,"수박","Garnish"
1849,"수박 주스","General"
1850,"watermelon liqueur","Liqueur"
1851,"watermelon pucker","Liqueur"
1852,"수박 시럽","General"
1853,"weissbier, dennison's","Beer"
1854,"휘핑 크림","Garnish"
1855,"whipped cream vodka","Vodka"
1856,"whiskey","Whisky"
1857,"whiskey (7 stills honeydew)","Whisky"
1858,"whiskey (lost republic straight bourbon whiskey)","Whisky"
1859,"whiskey, balcones brimstone","Whisky"
1860,"whiskey, buffalo trace","Whisky"
1861,"white birch beer","Beer"
1862,"white chocolate liqueur","Liqueur"
1863,"white creme de cacao","Liqueur"
1864,"white cr?me de menthe","Liqueur"
1865," 백설탕","General"
1866,"화이트 오버프루프 자메이카 rum","Garnish"
1867,"white overproof rum","Rum"
1868,"흰 복숭아 시럽","General"
1869,"white port","Wine"
1870,"white rum","Rum"
1871,"백차","Garnish"
1872,"white whiskey, bully boy","Whisky"
1873,"white whiskey, death's door","Whisky"
1874,"white wine","Wine"
1875,"white wine vinegar (chardonnay)","Wine"
1876,"야생 히비스커스 시럽","General"
1877,"wild strawberry liqueur","Liqueur"
1878,"막대 스틱","Garnish"
1879,"우스터셔 소스","General"
1880,"x-rated fusion liqueur","Liqueur"
1881,"Xocolatl Mole 비터스","General"
1882,"yellow chartreuse","Liqueur"
1883,"yoghurt liqueur","Liqueur"
1884,"요거트","General"
1885,"yogurt liqueur, bols","Liqueur"
1886,"유주 주스","General"
1887,"유주 시럽","General"
1888,"zhuyeqing liquor","Spirits"
1889,"zirbenz stone pine liqueur","Liqueur"
1890,"zucca","Liqueur"
1891,"zwack liqueur","Liqueur"
1892,"zwack unicum","Liqueur"
1893,"zwack unicum plum","Liqueur"
1894,"카옌 고추","General"
1895,"피클","General"
1896,"감귤류 과일","General"
1897," 쥬니퍼 베리","General"
1898,"쿠키","General"
1899,"치자속 믹스","General"
1900,"스리라차 소스","General"
1901,"망고","General"
1902,"사고","General"
1903,"타라곤","General"
1904,"샐러리","General"
1905,"붉은 건포도","General"
1906,"붉은 건포도","Garnish"
1907,"건포도 열매","General"
1908,"아몬드","General"
1909,"팔각","General"
1910,"포도","General"
1911,"할라피뇨 고추","General"
1912,"라벤더","General"
1913,"리치 과일 퓨레","General"
1914,"무화과","General"
